"Reference","Value","Datasheet","Footprint","Qty","DNP","LCSC"
"C1","1.0 uF","~","Capacitor_SMD:C_0201_0603Metric","1","","C1848"
"C2,C4","0.1uF","~","Capacitor_SMD:CP_Elec_4x5.4","2","","C271438"
"C3","4.7uF","~","Capacitor_SMD:CP_Elec_4x5.4","1","","C271399"
"J1","ZX80-B-5SA_30_","","ZX80-B-5SA_30_:ZX80B5SA30","1","","C598212"
"J2","USB_A","~","Connector_USB:USB_A_Molex_67643_Horizontal","1","","C293351"
"R1","619K","~","Resistor_SMD:R_0201_0603Metric","1","","C3015991"
"R2","4.7k","~","Resistor_SMD:R_0201_0603Metric","1","","C174364"
"U1","CP2102N-Axx-xQFN28","https://www.silabs.com/documents/public/data-sheets/cp2102n-datasheet.pdf","Package_DFN_QFN:QFN-28-1EP_5x5mm_P0.5mm_EP3.35x3.35mm","1","","C964632"
