﻿Designator,Val,Package,Mid X,Mid Y,Rotation,Layer
C1,1.0 uF,C_0201_0603Metric,160.345,-90.5,0,top
C2,0.1uF,CP_Elec_4x5.4,160.5,-96.5,0,top
C3,4.7uF,CP_Elec_4x5.4,144,-78.5,0,top
C4,0.1uF,CP_Elec_4x5.4,160.8,-78,0,top
J1,ZX80-B-5SA_30_,ZX80B5SA30,152.425,-69.462,0,top
J2,USB_A,USB_A_Molex_67643_Horizontal,144.75,-87.25,0,top
R1,619K,R_0201_0603Metric,162.5,-74.75,0,top
R2,4.7k,R_0201_0603Metric,160.5,-86.5,0,top
U1,CP2102N-Axx-xQFN28,QFN-28-1EP_5x5mm_P0.5mm_EP3.35x3.35mm,153.05,-79,0,top
